<?xml version="1.0" encoding="UTF-8"?>
<odoo>

    <!-- Define server action FIRST -->
    <record id="auto_create_followup" model="ir.actions.server">
        <field name="name">Auto Create Follow-Up</field>
        <field name="model_id" ref="model_hospital_patient"/>
        <field name="state">code</field>
        <field name="code">
for record in records:
    appointment = env['hospital.appointment'].create({
        'name': 'test',
        'patient_id': record.id,
        
        'reason': 'Follow-up after review',
    })
record.message_post(
    body=f"Follow-up appointment created on {appointment.date}"
)
        </field>
    </record>

    <!-- Automation record -->
    <record id="automate_followup_appointment" model="base.automation">
        <field name="name">Create Follow-up Appointment</field>
        <field name="model_id" ref="model_hospital_patient"/>

        <!-- Valid trigger type -->
        <field name="trigger">on_write</field>

        <!-- Odoo 16 syntax: only ONE domain -->
        <field name="domain">[('reviewed', '=', True)]</field>

        <field name="server_action_ids" eval="[(4, ref('auto_create_followup'))]"/>
    </record>

</odoo>
