<?xml version="1.0" encoding="UTF-8"?>
<odoo>
    <record id="set_patient_reviewed" model="ir.actions.server">
        <field name="name">Mark Patient as Reviewed</field>
        <field name="model_id" ref="model_hospital_patient"/>
        <field name="state">code</field>
        <field name="code">
for record in records:
    record.write({'reviewed': True})
    record.message_post(body="Patient marked as reviewed.")

action = {
    'type': 'ir.actions.act_window',
    'res_model': 'hospital.patient',
    'view_mode': 'form',
    'res_id': records[0].id,
}
        </field>
    </record>
</odoo>
